OrderID,Date,Product,Category,City,Quantity,Price,Sales
10000,2024-04-12,智能手机,电子产品,武汉,9,2510.91,22598.19
10001,2024-09-27,显示器,外设,北京,9,1000.34,9003.06
10002,2024-04-16,智能手机,电子产品,武汉,8,4282.62,34260.96
10003,2024-03-12,键盘,外设,深圳,10,233.28,2332.8
10004,2024-07-07,笔记本电脑,电子产品,北京,9,7864.19,70777.71
10005,2024-01-21,耳机,配件,成都,2,416.36,832.72
10006,2024-04-12,笔记本电脑,电子产品,杭州,6,7803.09,46818.54
10007,2024-05-01,显示器,外设,武汉,4,1643.05,6572.2
10008,2024-08-02,笔记本电脑,电子产品,上海,4,5192.21,20768.84
10009,2024-03-28,笔记本电脑,电子产品,杭州,5,4421.46,22107.3
10010,2024-04-09,显示器,外设,西安,3,1738.19,5214.57
10011,2024-05-31,鼠标,外设,深圳,1,114.41,114.41
10012,2024-05-10,鼠标,外设,杭州,8,54.82,438.56
10013,2024-05-29,显示器,外设,深圳,5,1232.06,6160.3
10014,2024-09-14,耳机,配件,深圳,3,484.88,1454.64
10015,2024-10-20,键盘,外设,深圳,10,200.08,2000.8
10016,2024-07-10,摄像头,配件,成都,7,373.09,2611.63
10017,2024-10-03,笔记本电脑,电子产品,深圳,7,5830.8,40815.6
10018,2024-06-09,耳机,配件,深圳,1,223.11,223.11
10019,2024-01-22,笔记本电脑,电子产品,西安,9,5474.83,49273.47
10020,2024-09-09,摄像头,配件,上海,2,347.93,695.86
10021,2024-08-23,键盘,外设,北京,5,110.47,552.35
10022,2024-02-18,鼠标,外设,广州,5,126.76,633.8
10023,2024-02-28,耳机,配件,西安,8,295.78,2366.24
10024,2024-06-18,平板电脑,电子产品,北京,8,3144.36,25154.88
10025,2024-07-06,平板电脑,电子产品,深圳,7,3200.7,22404.9
10026,2024-09-27,摄像头,配件,上海,7,284.8,1993.6
10027,2024-07-08,平板电脑,电子产品,杭州,6,2814.71,16888.26
10028,2024-06-23,鼠标,外设,上海,6,97.23,583.38
10029,2024-02-20,摄像头,配件,西安,9,552.06,4968.54
10030,2024-02-24,鼠标,外设,深圳,6,71.57,429.42
10031,2024-08-31,键盘,外设,上海,2,235.56,471.12
10032,2024-05-10,笔记本电脑,电子产品,武汉,2,6431.01,12862.02
10033,2024-05-14,键盘,外设,上海,5,159.06,795.3
10034,2024-01-21,键盘,外设,深圳,4,127.32,509.28
10035,2024-06-15,鼠标,外设,成都,2,115.16,230.32
10036,2024-09-30,摄像头,配件,武汉,3,495.44,1486.32
10037,2024-03-29,摄像头,配件,上海,7,326.25,2283.75
10038,2024-01-14,平板电脑,电子产品,广州,8,2789.67,22317.36
10039,2024-08-29,智能手机,电子产品,广州,6,3487.83,20926.98
10040,2024-09-21,笔记本电脑,电子产品,上海,5,6852.83,34264.15
10041,2024-02-22,鼠标,外设,成都,1,69.92,69.92
10042,2024-04-01,平板电脑,电子产品,杭州,8,3280.43,26243.44
10043,2024-09-20,耳机,配件,深圳,3,250.59,751.77
10044,2024-02-04,智能手机,电子产品,广州,6,3419.46,20516.76
10045,2024-07-24,智能手机,电子产品,杭州,3,2645.23,7935.69
10046,2024-03-21,鼠标,外设,上海,7,61.15,428.05
10047,2024-02-19,显示器,外设,西安,7,1419.03,9933.21
10048,2024-01-02,笔记本电脑,电子产品,杭州,9,5070.37,45633.33
10049,2024-02-23,智能手机,电子产品,武汉,5,4588.7,22943.5
10050,2024-04-15,鼠标,外设,北京,8,51.47,411.76
10051,2024-09-16,鼠标,外设,广州,10,87.91,879.1
10052,2024-07-09,平板电脑,电子产品,上海,10,2174.69,21746.9
10053,2024-08-05,耳机,配件,西安,8,156.76,1254.08
10054,2024-02-13,显示器,外设,深圳,1,949.24,949.24
10055,2024-06-10,笔记本电脑,电子产品,西安,5,5654.57,28272.85
10056,2024-07-20,摄像头,配件,成都,3,397.15,1191.45
10057,2024-09-26,键盘,外设,武汉,1,180.86,180.86
10058,2024-10-30,耳机,配件,上海,4,335.83,1343.32
10059,2024-09-27,耳机,配件,深圳,8,358.3,2866.4
10060,2024-08-02,平板电脑,电子产品,成都,3,1519.85,4559.55
10061,2024-09-08,摄像头,配件,成都,10,385.64,3856.4
10062,2024-07-08,智能手机,电子产品,上海,2,4908.75,9817.5
10063,2024-10-22,智能手机,电子产品,武汉,9,3797.58,34178.22
10064,2024-07-31,平板电脑,电子产品,杭州,10,2855.08,28550.8
10065,2024-07-26,鼠标,外设,杭州,5,81.19,405.95
10066,2024-08-24,智能手机,电子产品,成都,7,4434.98,31044.86
10067,2024-02-22,显示器,外设,杭州,2,1727.51,3455.02
10068,2024-10-06,笔记本电脑,电子产品,北京,9,6085.18,54766.62
10069,2024-08-04,耳机,配件,成都,9,491.6,4424.4
10070,2024-09-08,耳机,配件,成都,4,193.94,775.76
10071,2024-07-06,显示器,外设,深圳,4,820.34,3281.36
10072,2024-02-10,摄像头,配件,杭州,6,508.06,3048.36
10073,2024-06-05,智能手机,电子产品,武汉,10,4517.89,45178.9
10074,2024-01-15,耳机,配件,成都,10,192.07,1920.7
10075,2024-10-27,键盘,外设,西安,10,153.12,1531.2
10076,2024-03-05,摄像头,配件,武汉,6,207.02,1242.12
10077,2024-01-09,笔记本电脑,电子产品,北京,1,5173.23,5173.23
10078,2024-05-08,笔记本电脑,电子产品,深圳,9,7092.57,63833.13
10079,2024-05-15,耳机,配件,上海,2,331.29,662.58
10080,2024-03-03,平板电脑,电子产品,武汉,5,2196.19,10980.95
10081,2024-05-18,摄像头,配件,成都,9,348.7,3138.3
10082,2024-03-21,耳机,配件,北京,4,150.47,601.88
10083,2024-06-11,平板电脑,电子产品,广州,3,2099.6,6298.8
10084,2024-10-15,耳机,配件,北京,7,376.26,2633.82
10085,2024-09-17,键盘,外设,北京,6,294.84,1769.04
10086,2024-08-18,摄像头,配件,深圳,8,538.82,4310.56
10087,2024-02-10,鼠标,外设,上海,3,52.36,157.08
10088,2024-01-28,笔记本电脑,电子产品,广州,5,7594.24,37971.2
10089,2024-05-14,耳机,配件,杭州,10,424.12,4241.2
10090,2024-07-19,键盘,外设,杭州,4,256.08,1024.32
10091,2024-09-24,平板电脑,电子产品,武汉,4,2415.99,9663.96
10092,2024-02-02,平板电脑,电子产品,北京,4,2296.01,9184.04
10093,2024-02-17,笔记本电脑,电子产品,西安,10,5211.66,52116.6
10094,2024-03-02,显示器,外设,深圳,8,878.83,7030.64
10095,2024-08-03,耳机,配件,西安,6,229.88,1379.28
10096,2024-10-19,摄像头,配件,深圳,3,298.64,895.92
10097,2024-04-08,智能手机,电子产品,杭州,10,3710.19,37101.9
10098,2024-06-20,平板电脑,电子产品,武汉,5,2994.89,14974.45
10099,2024-08-01,摄像头,配件,武汉,6,389.52,2337.12
10100,2024-02-04,摄像头,配件,武汉,5,223.14,1115.7
10101,2024-08-14,鼠标,外设,广州,6,145.78,874.68
10102,2024-04-10,摄像头,配件,上海,8,577.09,4616.72
10103,2024-05-10,摄像头,配件,广州,7,514.08,3598.56
10104,2024-09-13,鼠标,外设,成都,5,149.13,745.65
10105,2024-01-05,平板电脑,电子产品,成都,10,2588.96,25889.6
10106,2024-08-05,摄像头,配件,西安,6,585.11,3510.66
10107,2024-09-11,显示器,外设,上海,4,890.73,3562.92
10108,2024-10-09,显示器,外设,杭州,9,1238.82,11149.38
10109,2024-07-25,键盘,外设,上海,4,145.08,580.32
10110,2024-01-15,鼠标,外设,深圳,1,69.58,69.58
10111,2024-02-11,键盘,外设,成都,7,128.16,897.12
10112,2024-06-27,鼠标,外设,北京,7,112.24,785.68
10113,2024-03-03,耳机,配件,北京,4,423.46,1693.84
10114,2024-08-18,耳机,配件,杭州,3,352.4,1057.2
10115,2024-08-28,摄像头,配件,深圳,8,258.79,2070.32
10116,2024-02-21,智能手机,电子产品,西安,5,4527.81,22639.05
10117,2024-04-05,耳机,配件,广州,10,372.58,3725.8
10118,2024-08-09,智能手机,电子产品,深圳,7,3470.41,24292.87
10119,2024-08-18,耳机,配件,北京,4,385.95,1543.8
10120,2024-08-24,笔记本电脑,电子产品,北京,4,5039.62,20158.48
10121,2024-05-22,耳机,配件,西安,8,270.82,2166.56
10122,2024-06-19,键盘,外设,成都,8,283.5,2268.0
10123,2024-01-29,平板电脑,电子产品,深圳,2,2081.01,4162.02
10124,2024-02-05,摄像头,配件,深圳,2,388.0,776.0
10125,2024-01-13,键盘,外设,北京,3,278.03,834.09
10126,2024-06-08,平板电脑,电子产品,广州,3,2915.44,8746.32
10127,2024-07-05,显示器,外设,杭州,1,874.64,874.64
10128,2024-08-30,键盘,外设,武汉,3,129.46,388.38
10129,2024-03-26,显示器,外设,杭州,6,809.41,4856.46
10130,2024-10-10,智能手机,电子产品,深圳,8,4077.3,32618.4
10131,2024-03-06,智能手机,电子产品,杭州,10,3619.18,36191.8
10132,2024-06-18,笔记本电脑,电子产品,北京,6,4537.1,27222.6
10133,2024-02-14,耳机,配件,北京,5,485.28,2426.4
10134,2024-03-02,键盘,外设,西安,4,205.93,823.72
10135,2024-05-13,显示器,外设,深圳,3,1090.27,3270.81
10136,2024-10-10,平板电脑,电子产品,西安,4,2501.21,10004.84
10137,2024-01-28,智能手机,电子产品,深圳,7,4199.05,29393.35
10138,2024-04-17,耳机,配件,武汉,1,176.68,176.68
10139,2024-02-13,智能手机,电子产品,武汉,7,3186.76,22307.32
10140,2024-10-12,平板电脑,电子产品,成都,1,3113.93,3113.93
10141,2024-05-07,耳机,配件,深圳,2,310.88,621.76
10142,2024-08-18,耳机,配件,广州,4,341.3,1365.2
10143,2024-07-08,显示器,外设,杭州,1,1319.38,1319.38
10144,2024-08-12,显示器,外设,深圳,9,852.68,7674.12
10145,2024-10-09,键盘,外设,上海,6,133.15,798.9
10146,2024-04-30,键盘,外设,成都,1,189.11,189.11
10147,2024-04-25,鼠标,外设,上海,1,70.92,70.92
10148,2024-08-20,摄像头,配件,北京,6,219.99,1319.94
10149,2024-09-15,鼠标,外设,武汉,4,134.36,537.44
10150,2024-07-16,笔记本电脑,电子产品,杭州,4,7924.77,31699.08
10151,2024-05-16,智能手机,电子产品,深圳,6,4482.86,26897.16
10152,2024-06-13,键盘,外设,上海,7,270.76,1895.32
10153,2024-08-12,显示器,外设,杭州,9,1090.37,9813.33
10154,2024-08-21,平板电脑,电子产品,北京,10,3421.25,34212.5
10155,2024-06-20,显示器,外设,武汉,5,1036.31,5181.55
10156,2024-05-31,智能手机,电子产品,广州,9,4878.57,43907.13
10157,2024-06-08,鼠标,外设,成都,4,149.48,597.92
10158,2024-04-05,显示器,外设,杭州,10,1654.07,16540.7
10159,2024-08-20,摄像头,配件,杭州,2,592.46,1184.92
10160,2024-06-28,笔记本电脑,电子产品,广州,3,6278.16,18834.48
10161,2024-04-22,智能手机,电子产品,杭州,1,3148.85,3148.85
10162,2024-02-21,鼠标,外设,北京,6,93.7,562.2
10163,2024-09-24,摄像头,配件,北京,6,437.42,2624.52
10164,2024-10-21,平板电脑,电子产品,广州,1,1646.16,1646.16
10165,2024-04-22,鼠标,外设,成都,3,112.23,336.69
10166,2024-04-10,耳机,配件,深圳,5,493.41,2467.05
10167,2024-04-22,摄像头,配件,上海,3,276.04,828.12
10168,2024-03-21,摄像头,配件,深圳,10,517.04,5170.4
10169,2024-07-05,笔记本电脑,电子产品,杭州,3,7631.6,22894.8
10170,2024-04-22,智能手机,电子产品,上海,10,4859.25,48592.5
10171,2024-01-02,平板电脑,电子产品,西安,3,3420.27,10260.81
10172,2024-05-09,笔记本电脑,电子产品,广州,5,6085.84,30429.2
10173,2024-08-07,鼠标,外设,广州,5,147.73,738.65
10174,2024-02-23,笔记本电脑,电子产品,成都,4,7029.24,28116.96
10175,2024-08-11,摄像头,配件,上海,1,264.67,264.67
10176,2024-08-12,智能手机,电子产品,北京,5,3692.25,18461.25
10177,2024-05-05,键盘,外设,上海,10,243.67,2436.7
10178,2024-05-09,笔记本电脑,电子产品,杭州,5,4989.36,24946.8
10179,2024-02-22,耳机,配件,北京,4,374.22,1496.88
10180,2024-06-20,笔记本电脑,电子产品,武汉,6,6666.4,39998.4
10181,2024-08-05,鼠标,外设,武汉,10,66.27,662.7
10182,2024-06-08,鼠标,外设,西安,4,106.51,426.04
10183,2024-07-16,平板电脑,电子产品,武汉,7,3043.25,21302.75
10184,2024-09-03,鼠标,外设,广州,7,99.89,699.23
10185,2024-07-21,显示器,外设,上海,2,814.52,1629.04
10186,2024-07-02,智能手机,电子产品,武汉,3,2522.6,7567.8
10187,2024-05-02,智能手机,电子产品,深圳,1,3392.57,3392.57
10188,2024-09-11,键盘,外设,成都,8,285.24,2281.92
10189,2024-10-20,键盘,外设,深圳,9,145.74,1311.66
10190,2024-10-06,智能手机,电子产品,武汉,4,4085.91,16343.64
10191,2024-04-07,耳机,配件,西安,6,227.73,1366.38
10192,2024-07-16,键盘,外设,成都,9,164.33,1478.97
10193,2024-08-27,平板电脑,电子产品,杭州,6,3196.08,19176.48
10194,2024-05-23,鼠标,外设,深圳,9,122.89,1106.01
10195,2024-04-06,智能手机,电子产品,西安,4,2738.5,10954.0
10196,2024-07-19,摄像头,配件,上海,8,371.48,2971.84
10197,2024-05-03,键盘,外设,上海,9,105.83,952.47
10198,2024-07-05,智能手机,电子产品,深圳,4,3702.23,14808.92
10199,2024-09-15,显示器,外设,武汉,5,1594.92,7974.6
10200,2024-05-27,笔记本电脑,电子产品,西安,8,4474.01,35792.08
10201,2024-09-08,鼠标,外设,上海,10,78.89,788.9
10202,2024-05-26,智能手机,电子产品,杭州,6,3494.59,20967.54
10203,2024-05-27,笔记本电脑,电子产品,北京,7,7678.12,53746.84
10204,2024-07-17,键盘,外设,武汉,3,298.65,895.95
10205,2024-05-07,笔记本电脑,电子产品,西安,7,4179.65,29257.55
10206,2024-02-08,鼠标,外设,杭州,8,126.1,1008.8
10207,2024-05-08,智能手机,电子产品,西安,10,3429.31,34293.1
10208,2024-09-23,显示器,外设,成都,6,1270.95,7625.7
10209,2024-05-30,耳机,配件,杭州,10,413.99,4139.9
10210,2024-10-24,键盘,外设,武汉,9,283.69,2553.21
10211,2024-04-08,智能手机,电子产品,成都,6,4877.32,29263.92
10212,2024-09-19,鼠标,外设,武汉,9,107.71,969.39
10213,2024-09-08,键盘,外设,上海,4,171.42,685.68
10214,2024-05-23,平板电脑,电子产品,北京,8,3075.1,24600.8
10215,2024-04-21,笔记本电脑,电子产品,武汉,4,5004.01,20016.04
10216,2024-02-29,耳机,配件,武汉,2,347.43,694.86
10217,2024-01-02,鼠标,外设,上海,10,85.86,858.6
10218,2024-10-30,平板电脑,电子产品,广州,9,2813.26,25319.34
10219,2024-09-10,摄像头,配件,上海,5,296.16,1480.8
10220,2024-05-19,智能手机,电子产品,成都,4,2978.98,11915.92
10221,2024-02-06,显示器,外设,上海,2,1901.89,3803.78
10222,2024-06-08,键盘,外设,上海,1,120.36,120.36
10223,2024-01-09,笔记本电脑,电子产品,北京,7,6023.83,42166.81
10224,2024-08-20,键盘,外设,上海,6,144.17,865.02
10225,2024-04-08,耳机,配件,西安,2,163.63,327.26
10226,2024-05-26,智能手机,电子产品,武汉,8,2590.05,20720.4
10227,2024-10-30,键盘,外设,西安,4,135.04,540.16
10228,2024-07-26,笔记本电脑,电子产品,北京,8,7467.08,59736.64
10229,2024-05-10,智能手机,电子产品,深圳,7,3206.2,22443.4
10230,2024-05-31,键盘,外设,广州,5,290.09,1450.45
10231,2024-02-23,显示器,外设,西安,10,1497.95,14979.5
10232,2024-04-29,鼠标,外设,北京,10,93.66,936.6
10233,2024-06-09,智能手机,电子产品,成都,8,3950.22,31601.76
10234,2024-04-25,鼠标,外设,深圳,9,101.67,915.03
10235,2024-03-15,摄像头,配件,北京,5,503.51,2517.55
10236,2024-04-22,智能手机,电子产品,北京,10,3206.24,32062.4
10237,2024-04-13,显示器,外设,广州,5,1223.66,6118.3
10238,2024-09-10,鼠标,外设,武汉,2,139.41,278.82
10239,2024-08-14,平板电脑,电子产品,西安,5,3392.91,16964.55
10240,2024-04-21,笔记本电脑,电子产品,成都,3,7570.23,22710.69
10241,2024-04-08,平板电脑,电子产品,杭州,7,2338.9,16372.3
10242,2024-06-01,键盘,外设,西安,10,256.07,2560.7
10243,2024-07-12,显示器,外设,杭州,5,1371.6,6858.0
10244,2024-06-11,平板电脑,电子产品,北京,8,2495.08,19960.64
10245,2024-07-26,智能手机,电子产品,上海,1,3011.7,3011.7
10246,2024-06-17,键盘,外设,成都,3,218.23,654.69
10247,2024-06-09,键盘,外设,深圳,3,137.23,411.69
10248,2024-03-08,平板电脑,电子产品,上海,9,2163.13,19468.17
10249,2024-10-15,摄像头,配件,上海,5,542.01,2710.05
10250,2024-10-03,平板电脑,电子产品,西安,9,1914.15,17227.35
10251,2024-10-30,摄像头,配件,成都,9,228.46,2056.14
10252,2024-05-14,显示器,外设,武汉,1,882.81,882.81
10253,2024-07-13,笔记本电脑,电子产品,北京,2,7763.14,15526.28
10254,2024-05-07,平板电脑,电子产品,北京,5,2513.84,12569.2
10255,2024-02-02,耳机,配件,北京,4,293.29,1173.16
10256,2024-06-24,摄像头,配件,北京,10,524.35,5243.5
10257,2024-01-22,平板电脑,电子产品,西安,9,3171.65,28544.85
10258,2024-08-25,鼠标,外设,杭州,7,83.22,582.54
10259,2024-06-06,智能手机,电子产品,北京,6,4234.05,25404.3
10260,2024-02-07,耳机,配件,杭州,7,419.89,2939.23
10261,2024-08-17,耳机,配件,杭州,1,379.13,379.13
10262,2024-02-20,摄像头,配件,武汉,1,260.64,260.64
10263,2024-09-20,鼠标,外设,北京,8,137.59,1100.72
10264,2024-10-09,鼠标,外设,广州,2,103.91,207.82
10265,2024-01-27,键盘,外设,深圳,10,156.49,1564.9
10266,2024-08-13,摄像头,配件,上海,9,370.09,3330.81
10267,2024-10-03,笔记本电脑,电子产品,杭州,7,4150.28,29051.96
10268,2024-10-12,智能手机,电子产品,成都,6,2819.67,16918.02
10269,2024-04-06,显示器,外设,成都,1,1718.66,1718.66
10270,2024-10-10,耳机,配件,深圳,1,150.0,150.0
10271,2024-10-30,显示器,外设,成都,2,1299.88,2599.76
10272,2024-05-26,平板电脑,电子产品,广州,6,2545.02,15270.12
10273,2024-01-04,平板电脑,电子产品,成都,6,1609.27,9655.62
10274,2024-02-04,显示器,外设,上海,2,1967.69,3935.38
10275,2024-07-10,平板电脑,电子产品,上海,1,1952.25,1952.25
10276,2024-02-18,笔记本电脑,电子产品,杭州,10,5216.79,52167.9
10277,2024-01-17,鼠标,外设,北京,5,80.39,401.95
10278,2024-06-20,平板电脑,电子产品,武汉,5,1960.83,9804.15
10279,2024-08-07,键盘,外设,广州,2,100.29,200.58
10280,2024-06-06,平板电脑,电子产品,杭州,6,2958.69,17752.14
10281,2024-02-15,智能手机,电子产品,广州,9,4917.11,44253.99
10282,2024-01-06,笔记本电脑,电子产品,北京,2,4897.17,9794.34
10283,2024-04-08,智能手机,电子产品,西安,10,4157.62,41576.2
10284,2024-08-20,智能手机,电子产品,成都,2,4354.74,8709.48
10285,2024-02-06,键盘,外设,成都,3,269.69,809.07
10286,2024-10-06,笔记本电脑,电子产品,武汉,7,5690.52,39833.64
10287,2024-10-28,笔记本电脑,电子产品,北京,6,5211.72,31270.32
10288,2024-06-29,摄像头,配件,杭州,8,330.12,2640.96
10289,2024-04-04,笔记本电脑,电子产品,武汉,8,6850.49,54803.92
10290,2024-04-08,笔记本电脑,电子产品,北京,6,7267.12,43602.72
10291,2024-07-06,笔记本电脑,电子产品,深圳,10,4726.46,47264.6
10292,2024-04-25,键盘,外设,上海,3,174.19,522.57
10293,2024-07-09,平板电脑,电子产品,武汉,3,3303.88,9911.64
10294,2024-09-09,摄像头,配件,武汉,1,522.68,522.68
10295,2024-06-09,智能手机,电子产品,杭州,7,4962.15,34735.05
10296,2024-09-12,笔记本电脑,电子产品,广州,5,7016.99,35084.95
10297,2024-05-07,耳机,配件,深圳,4,287.62,1150.48
10298,2024-01-18,平板电脑,电子产品,杭州,10,2681.28,26812.8
10299,2024-10-07,平板电脑,电子产品,北京,4,2822.03,11288.12
10300,2024-08-10,智能手机,电子产品,北京,4,2696.14,10784.56
10301,2024-02-23,键盘,外设,北京,6,208.9,1253.4
10302,2024-02-27,显示器,外设,西安,8,1651.18,13209.44
10303,2024-06-22,显示器,外设,北京,8,1000.79,8006.32
10304,2024-10-06,平板电脑,电子产品,广州,5,3061.26,15306.3
10305,2024-04-23,鼠标,外设,深圳,6,108.38,650.28
10306,2024-10-14,鼠标,外设,成都,4,145.22,580.88
10307,2024-05-30,智能手机,电子产品,上海,9,2606.06,23454.54
10308,2024-05-06,显示器,外设,广州,8,1118.39,8947.12
10309,2024-06-03,平板电脑,电子产品,广州,10,2703.11,27031.1
10310,2024-09-29,键盘,外设,西安,10,159.31,1593.1
10311,2024-04-13,显示器,外设,成都,1,1657.31,1657.31
10312,2024-10-25,平板电脑,电子产品,成都,2,3018.01,6036.02
10313,2024-09-02,平板电脑,电子产品,上海,9,1705.03,15345.27
10314,2024-06-24,笔记本电脑,电子产品,上海,8,6055.42,48443.36
10315,2024-02-08,键盘,外设,成都,3,201.78,605.34
10316,2024-06-18,笔记本电脑,电子产品,北京,8,5477.12,43816.96
10317,2024-09-03,智能手机,电子产品,广州,1,4832.31,4832.31
10318,2024-01-26,笔记本电脑,电子产品,杭州,10,7310.03,73100.3
10319,2024-01-13,耳机,配件,上海,4,394.02,1576.08
10320,2024-02-05,笔记本电脑,电子产品,西安,3,6857.31,20571.93
10321,2024-06-21,耳机,配件,西安,6,311.6,1869.6
10322,2024-01-20,显示器,外设,上海,7,1905.19,13336.33
10323,2024-09-20,鼠标,外设,成都,4,119.46,477.84
10324,2024-05-21,摄像头,配件,深圳,7,491.59,3441.13
10325,2024-05-22,摄像头,配件,杭州,9,544.68,4902.12
10326,2024-04-01,平板电脑,电子产品,杭州,2,2048.14,4096.28
10327,2024-10-14,摄像头,配件,上海,3,522.83,1568.49
10328,2024-08-02,耳机,配件,北京,5,218.33,1091.65
10329,2024-02-20,键盘,外设,深圳,3,169.07,507.21
10330,2024-06-01,笔记本电脑,电子产品,杭州,8,5342.44,42739.52
10331,2024-07-04,耳机,配件,上海,10,492.48,4924.8
10332,2024-03-03,键盘,外设,西安,8,271.31,2170.48
10333,2024-07-08,鼠标,外设,杭州,8,120.12,960.96
10334,2024-05-04,摄像头,配件,武汉,9,490.82,4417.38
10335,2024-05-29,鼠标,外设,深圳,4,106.21,424.84
10336,2024-02-27,摄像头,配件,深圳,5,578.84,2894.2
10337,2024-06-28,笔记本电脑,电子产品,武汉,5,5985.04,29925.2
10338,2024-06-18,智能手机,电子产品,广州,8,3451.29,27610.32
10339,2024-09-27,笔记本电脑,电子产品,西安,7,4652.14,32564.98
10340,2024-02-23,显示器,外设,武汉,9,1743.45,15691.05
10341,2024-04-10,耳机,配件,成都,8,407.06,3256.48
10342,2024-09-20,平板电脑,电子产品,成都,2,2268.71,4537.42
10343,2024-02-22,智能手机,电子产品,上海,10,2562.98,25629.8
10344,2024-02-29,笔记本电脑,电子产品,深圳,4,7355.99,29423.96
10345,2024-04-17,键盘,外设,广州,6,102.28,613.68
10346,2024-01-05,智能手机,电子产品,广州,2,4259.25,8518.5
10347,2024-04-12,耳机,配件,杭州,7,489.59,3427.13
10348,2024-07-14,摄像头,配件,杭州,3,375.06,1125.18
10349,2024-09-18,智能手机,电子产品,武汉,3,3087.43,9262.29
10350,2024-02-16,摄像头,配件,广州,2,481.95,963.9
10351,2024-05-23,耳机,配件,武汉,8,435.99,3487.92
10352,2024-09-25,笔记本电脑,电子产品,西安,6,6185.72,37114.32
10353,2024-05-03,耳机,配件,武汉,1,488.46,488.46
10354,2024-04-15,智能手机,电子产品,杭州,1,2629.17,2629.17
10355,2024-06-06,键盘,外设,深圳,7,200.96,1406.72
10356,2024-05-26,鼠标,外设,武汉,8,121.85,974.8
10357,2024-05-24,智能手机,电子产品,北京,5,4656.6,23283.0
10358,2024-04-29,耳机,配件,深圳,5,212.74,1063.7
10359,2024-10-01,鼠标,外设,广州,4,130.0,520.0
10360,2024-04-01,耳机,配件,广州,6,343.45,2060.7
10361,2024-02-27,键盘,外设,武汉,6,179.31,1075.86
10362,2024-08-16,耳机,配件,深圳,3,196.1,588.3
10363,2024-04-26,笔记本电脑,电子产品,杭州,9,7461.18,67150.62
10364,2024-10-05,平板电脑,电子产品,杭州,7,1814.55,12701.85
10365,2024-05-06,摄像头,配件,成都,1,323.92,323.92
10366,2024-05-08,摄像头,配件,广州,7,316.02,2212.14
10367,2024-02-27,智能手机,电子产品,上海,5,4678.54,23392.7
10368,2024-05-01,平板电脑,电子产品,成都,5,2845.41,14227.05
10369,2024-01-01,耳机,配件,杭州,2,428.84,857.68
10370,2024-08-26,键盘,外设,深圳,4,150.09,600.36
10371,2024-10-16,智能手机,电子产品,西安,6,4062.19,24373.14
10372,2024-04-05,耳机,配件,杭州,10,350.11,3501.1
10373,2024-05-05,鼠标,外设,深圳,7,133.28,932.96
10374,2024-04-27,显示器,外设,成都,5,1887.3,9436.5
10375,2024-02-17,耳机,配件,广州,9,154.25,1388.25
10376,2024-03-29,平板电脑,电子产品,杭州,3,2848.04,8544.12
10377,2024-08-24,智能手机,电子产品,武汉,1,2629.59,2629.59
10378,2024-09-28,平板电脑,电子产品,深圳,4,2597.72,10390.88
10379,2024-07-07,智能手机,电子产品,广州,9,3219.08,28971.72
10380,2024-07-10,耳机,配件,西安,4,257.37,1029.48
10381,2024-03-09,笔记本电脑,电子产品,西安,2,5411.83,10823.66
10382,2024-10-04,鼠标,外设,上海,10,112.13,1121.3
10383,2024-09-03,耳机,配件,深圳,5,266.92,1334.6
10384,2024-03-16,摄像头,配件,成都,3,493.08,1479.24
10385,2024-06-02,平板电脑,电子产品,上海,9,2309.05,20781.45
10386,2024-05-23,显示器,外设,上海,4,882.02,3528.08
10387,2024-03-26,显示器,外设,北京,6,1740.51,10443.06
10388,2024-07-03,键盘,外设,杭州,2,157.15,314.3
10389,2024-10-11,智能手机,电子产品,深圳,6,3581.92,21491.52
10390,2024-08-07,平板电脑,电子产品,上海,3,2870.89,8612.67
10391,2024-03-09,键盘,外设,北京,9,166.49,1498.41
10392,2024-02-16,平板电脑,电子产品,成都,2,1613.17,3226.34
10393,2024-04-03,摄像头,配件,广州,9,349.57,3146.13
10394,2024-08-25,智能手机,电子产品,武汉,5,4861.12,24305.6
10395,2024-07-22,耳机,配件,武汉,8,374.61,2996.88
10396,2024-08-05,耳机,配件,深圳,2,385.02,770.04
10397,2024-02-08,显示器,外设,上海,6,1558.74,9352.44
10398,2024-04-09,耳机,配件,武汉,3,219.65,658.95
10399,2024-10-15,耳机,配件,杭州,10,296.42,2964.2
10400,2024-09-10,摄像头,配件,武汉,5,500.38,2501.9
10401,2024-08-09,笔记本电脑,电子产品,武汉,8,4405.49,35243.92
10402,2024-01-23,显示器,外设,武汉,10,1133.42,11334.2
10403,2024-09-06,键盘,外设,西安,1,155.26,155.26
10404,2024-01-10,鼠标,外设,北京,5,93.2,466.0
10405,2024-09-02,笔记本电脑,电子产品,上海,3,7921.47,23764.41
10406,2024-04-09,键盘,外设,杭州,4,113.5,454.0
10407,2024-10-16,智能手机,电子产品,上海,2,3796.75,7593.5
10408,2024-06-28,笔记本电脑,电子产品,西安,9,4717.46,42457.14
10409,2024-08-10,摄像头,配件,深圳,3,588.27,1764.81
10410,2024-09-06,键盘,外设,深圳,2,122.66,245.32
10411,2024-05-26,智能手机,电子产品,深圳,10,3509.0,35090.0
10412,2024-04-05,显示器,外设,成都,9,1685.46,15169.14
10413,2024-09-13,鼠标,外设,武汉,7,120.46,843.22
10414,2024-01-04,智能手机,电子产品,成都,6,3556.82,21340.92
10415,2024-01-16,耳机,配件,北京,1,271.28,271.28
10416,2024-10-06,平板电脑,电子产品,深圳,5,2295.22,11476.1
10417,2024-09-03,智能手机,电子产品,西安,3,3160.69,9482.07
10418,2024-09-14,智能手机,电子产品,杭州,1,3013.33,3013.33
10419,2024-06-08,鼠标,外设,上海,4,98.3,393.2
10420,2024-05-31,平板电脑,电子产品,武汉,2,2037.07,4074.14
10421,2024-06-26,耳机,配件,广州,2,250.61,501.22
10422,2024-06-11,键盘,外设,杭州,3,231.35,694.05
10423,2024-02-02,键盘,外设,武汉,8,293.71,2349.68
10424,2024-06-27,智能手机,电子产品,成都,8,4009.09,32072.72
10425,2024-04-10,摄像头,配件,成都,7,230.79,1615.53
10426,2024-09-24,摄像头,配件,杭州,6,230.23,1381.38
10427,2024-03-05,平板电脑,电子产品,成都,9,3402.85,30625.65
10428,2024-06-16,平板电脑,电子产品,深圳,4,2094.58,8378.32
10429,2024-02-12,耳机,配件,北京,1,182.22,182.22
10430,2024-02-13,鼠标,外设,上海,8,109.9,879.2
10431,2024-10-11,显示器,外设,北京,7,1548.38,10838.66
10432,2024-01-12,键盘,外设,武汉,7,229.7,1607.9
10433,2024-04-04,鼠标,外设,上海,3,76.74,230.22
10434,2024-10-28,笔记本电脑,电子产品,西安,4,4060.44,16241.76
10435,2024-09-09,键盘,外设,上海,10,293.0,2930.0
10436,2024-08-29,鼠标,外设,北京,9,75.09,675.81
10437,2024-02-04,键盘,外设,杭州,6,235.21,1411.26
10438,2024-08-02,显示器,外设,上海,5,1647.96,8239.8
10439,2024-03-30,笔记本电脑,电子产品,西安,3,6440.03,19320.09
10440,2024-09-20,摄像头,配件,西安,9,325.16,2926.44
10441,2024-04-02,摄像头,配件,西安,5,308.44,1542.2
10442,2024-03-30,显示器,外设,北京,5,1517.2,7586.0
10443,2024-04-24,耳机,配件,上海,4,453.13,1812.52
10444,2024-04-14,笔记本电脑,电子产品,广州,4,7786.93,31147.72
10445,2024-07-14,智能手机,电子产品,杭州,1,2764.76,2764.76
10446,2024-04-23,鼠标,外设,深圳,7,65.48,458.36
10447,2024-03-15,笔记本电脑,电子产品,上海,9,7778.95,70010.55
10448,2024-08-04,耳机,配件,西安,3,407.79,1223.37
10449,2024-10-03,耳机,配件,广州,2,459.05,918.1
10450,2024-09-05,显示器,外设,深圳,3,1043.16,3129.48
10451,2024-06-12,键盘,外设,深圳,1,217.52,217.52
10452,2024-07-10,笔记本电脑,电子产品,武汉,6,6804.56,40827.36
10453,2024-08-14,鼠标,外设,上海,7,118.01,826.07
10454,2024-06-25,笔记本电脑,电子产品,北京,2,5632.61,11265.22
10455,2024-04-08,平板电脑,电子产品,上海,8,1530.79,12246.32
10456,2024-02-05,键盘,外设,广州,6,216.59,1299.54
10457,2024-04-05,鼠标,外设,深圳,4,75.31,301.24
10458,2024-05-31,摄像头,配件,上海,5,380.1,1900.5
10459,2024-05-30,鼠标,外设,北京,8,145.76,1166.08
10460,2024-07-08,智能手机,电子产品,武汉,3,3497.59,10492.77
10461,2024-08-11,显示器,外设,上海,3,1807.76,5423.28
10462,2024-02-06,智能手机,电子产品,杭州,4,2971.35,11885.4
10463,2024-09-24,鼠标,外设,武汉,1,117.25,117.25
10464,2024-07-01,键盘,外设,北京,9,295.4,2658.6
10465,2024-01-13,笔记本电脑,电子产品,广州,8,4407.57,35260.56
10466,2024-10-05,摄像头,配件,深圳,8,203.33,1626.64
10467,2024-08-04,笔记本电脑,电子产品,上海,10,5734.33,57343.3
10468,2024-10-12,键盘,外设,北京,6,118.53,711.18
10469,2024-09-29,鼠标,外设,武汉,7,124.84,873.88
10470,2024-03-02,耳机,配件,杭州,6,470.09,2820.54
10471,2024-03-24,笔记本电脑,电子产品,北京,9,5736.08,51624.72
10472,2024-08-04,耳机,配件,成都,3,240.55,721.65
10473,2024-07-05,笔记本电脑,电子产品,西安,3,5737.61,17212.83
10474,2024-01-19,笔记本电脑,电子产品,杭州,3,6893.79,20681.37
10475,2024-06-25,摄像头,配件,武汉,10,203.62,2036.2
10476,2024-04-09,显示器,外设,广州,3,1507.34,4522.02
10477,2024-08-20,显示器,外设,深圳,9,1535.95,13823.55
10478,2024-03-16,平板电脑,电子产品,武汉,4,2775.38,11101.52
10479,2024-09-21,智能手机,电子产品,西安,7,3105.06,21735.42
10480,2024-10-10,键盘,外设,广州,9,242.81,2185.29
10481,2024-07-24,键盘,外设,上海,7,118.28,827.96
10482,2024-08-10,键盘,外设,北京,9,139.85,1258.65
10483,2024-02-21,平板电脑,电子产品,成都,3,3254.94,9764.82
10484,2024-05-23,显示器,外设,杭州,4,1686.47,6745.88
10485,2024-03-09,鼠标,外设,杭州,8,51.37,410.96
10486,2024-04-08,耳机,配件,北京,6,236.93,1421.58
10487,2024-01-25,摄像头,配件,成都,5,285.76,1428.8
10488,2024-02-22,耳机,配件,北京,4,244.78,979.12
10489,2024-05-30,鼠标,外设,上海,8,74.76,598.08
10490,2024-05-23,摄像头,配件,西安,1,225.01,225.01
10491,2024-02-26,平板电脑,电子产品,广州,9,2417.88,21760.92
10492,2024-02-08,鼠标,外设,武汉,1,123.27,123.27
10493,2024-04-18,键盘,外设,杭州,8,221.35,1770.8
10494,2024-06-29,智能手机,电子产品,上海,4,4182.18,16728.72
10495,2024-02-11,笔记本电脑,电子产品,广州,9,4324.6,38921.4
10496,2024-07-04,耳机,配件,上海,5,483.02,2415.1
10497,2024-08-10,显示器,外设,成都,3,1806.19,5418.57
10498,2024-05-01,显示器,外设,杭州,9,1766.11,15894.99
10499,2024-05-12,平板电脑,电子产品,武汉,9,3145.97,28313.73
10500,2024-06-11,摄像头,配件,北京,4,573.08,2292.32
10501,2024-08-02,显示器,外设,北京,4,1453.1,5812.4
10502,2024-08-08,键盘,外设,广州,8,140.06,1120.48
10503,2024-08-22,耳机,配件,武汉,2,365.87,731.74
10504,2024-05-25,鼠标,外设,西安,9,124.29,1118.61
10505,2024-08-26,键盘,外设,深圳,6,247.58,1485.48
10506,2024-03-16,平板电脑,电子产品,成都,9,2542.9,22886.1
10507,2024-01-09,键盘,外设,广州,8,113.69,909.52
10508,2024-03-14,鼠标,外设,深圳,7,87.11,609.77
10509,2024-09-09,智能手机,电子产品,上海,1,4801.92,4801.92
10510,2024-08-17,平板电脑,电子产品,成都,3,2668.9,8006.7
10511,2024-01-07,智能手机,电子产品,上海,2,3845.83,7691.66
10512,2024-06-22,笔记本电脑,电子产品,西安,5,5075.41,25377.05
10513,2024-05-20,智能手机,电子产品,武汉,5,3421.12,17105.6
10514,2024-06-16,笔记本电脑,电子产品,杭州,5,7581.38,37906.9
10515,2024-06-18,笔记本电脑,电子产品,成都,4,6665.85,26663.4
10516,2024-10-09,智能手机,电子产品,深圳,5,4468.47,22342.35
10517,2024-05-01,平板电脑,电子产品,西安,3,2408.69,7226.07
10518,2024-07-12,摄像头,配件,杭州,1,452.1,452.1
10519,2024-01-05,鼠标,外设,北京,5,74.84,374.2
10520,2024-01-29,键盘,外设,深圳,9,241.09,2169.81
10521,2024-06-13,键盘,外设,广州,9,185.52,1669.68
10522,2024-05-15,鼠标,外设,北京,4,94.25,377.0
10523,2024-05-24,耳机,配件,西安,3,377.26,1131.78
10524,2024-08-04,耳机,配件,北京,1,477.7,477.7
10525,2024-10-27,笔记本电脑,电子产品,广州,2,4256.03,8512.06
10526,2024-05-11,笔记本电脑,电子产品,成都,8,7298.97,58391.76
10527,2024-10-18,平板电脑,电子产品,北京,1,2084.77,2084.77
10528,2024-03-10,显示器,外设,武汉,8,1332.7,10661.6
10529,2024-09-08,智能手机,电子产品,深圳,7,2554.78,17883.46
10530,2024-10-01,笔记本电脑,电子产品,杭州,8,5204.18,41633.44
10531,2024-06-30,键盘,外设,北京,6,200.53,1203.18
10532,2024-06-15,平板电脑,电子产品,深圳,9,1612.35,14511.15
10533,2024-03-31,智能手机,电子产品,上海,3,3727.74,11183.22
10534,2024-07-20,平板电脑,电子产品,深圳,10,3354.22,33542.2
10535,2024-01-19,智能手机,电子产品,杭州,4,2763.48,11053.92
10536,2024-02-08,智能手机,电子产品,深圳,6,4411.1,26466.6
10537,2024-05-05,鼠标,外设,广州,8,90.97,727.76
10538,2024-06-21,笔记本电脑,电子产品,西安,5,6620.69,33103.45
10539,2024-05-20,摄像头,配件,杭州,3,304.09,912.27
10540,2024-08-29,平板电脑,电子产品,西安,6,1818.98,10913.88
10541,2024-08-07,摄像头,配件,成都,4,264.19,1056.76
10542,2024-05-05,平板电脑,电子产品,西安,9,1640.98,14768.82
10543,2024-02-27,鼠标,外设,上海,3,68.56,205.68
10544,2024-05-27,键盘,外设,广州,4,232.84,931.36
10545,2024-01-01,摄像头,配件,成都,7,552.68,3868.76
10546,2024-07-08,键盘,外设,深圳,7,262.83,1839.81
10547,2024-07-09,耳机,配件,杭州,4,389.8,1559.2
10548,2024-04-26,笔记本电脑,电子产品,上海,6,4441.73,26650.38
10549,2024-05-13,笔记本电脑,电子产品,广州,3,5156.75,15470.25
10550,2024-02-27,显示器,外设,成都,6,1171.77,7030.62
10551,2024-02-13,鼠标,外设,成都,2,75.0,150.0
10552,2024-06-21,键盘,外设,上海,8,203.0,1624.0
10553,2024-06-08,智能手机,电子产品,武汉,2,3838.88,7677.76
10554,2024-06-21,平板电脑,电子产品,深圳,7,2213.77,15496.39
10555,2024-10-29,笔记本电脑,电子产品,上海,9,5415.16,48736.44
10556,2024-05-28,摄像头,配件,成都,1,531.42,531.42
10557,2024-03-20,平板电脑,电子产品,北京,8,3078.59,24628.72
10558,2024-07-31,平板电脑,电子产品,广州,7,2115.59,14809.13
10559,2024-07-21,显示器,外设,上海,6,1896.55,11379.3
10560,2024-09-08,键盘,外设,武汉,6,290.56,1743.36
10561,2024-08-16,笔记本电脑,电子产品,成都,6,5306.97,31841.82
10562,2024-06-12,平板电脑,电子产品,深圳,9,2208.85,19879.65
10563,2024-08-14,笔记本电脑,电子产品,西安,2,6022.54,12045.08
10564,2024-05-26,智能手机,电子产品,成都,1,4852.8,4852.8
10565,2024-01-20,显示器,外设,深圳,6,1851.58,11109.48
10566,2024-02-16,智能手机,电子产品,上海,10,2756.42,27564.2
10567,2024-08-20,笔记本电脑,电子产品,深圳,8,5570.92,44567.36
10568,2024-01-14,耳机,配件,杭州,3,343.68,1031.04
10569,2024-05-22,摄像头,配件,杭州,10,401.25,4012.5
10570,2024-01-01,笔记本电脑,电子产品,杭州,1,4775.45,4775.45
10571,2024-02-23,键盘,外设,武汉,9,271.76,2445.84
10572,2024-09-15,平板电脑,电子产品,武汉,1,2853.88,2853.88
10573,2024-05-23,平板电脑,电子产品,北京,3,3175.82,9527.46
10574,2024-01-12,智能手机,电子产品,武汉,8,4646.91,37175.28
10575,2024-08-11,摄像头,配件,西安,3,499.34,1498.02
10576,2024-09-28,显示器,外设,上海,4,1327.05,5308.2
10577,2024-06-04,耳机,配件,成都,8,363.69,2909.52
10578,2024-01-08,鼠标,外设,成都,1,66.04,66.04
10579,2024-05-01,摄像头,配件,北京,6,469.46,2816.76
10580,2024-06-12,平板电脑,电子产品,武汉,1,1858.51,1858.51
10581,2024-03-30,键盘,外设,西安,1,238.79,238.79
10582,2024-05-15,摄像头,配件,深圳,8,291.84,2334.72
10583,2024-07-04,智能手机,电子产品,北京,4,2793.88,11175.52
10584,2024-06-26,智能手机,电子产品,西安,1,2913.21,2913.21
10585,2024-01-28,鼠标,外设,深圳,10,50.2,502.0
10586,2024-08-07,键盘,外设,西安,7,243.75,1706.25
10587,2024-02-10,显示器,外设,深圳,5,1678.88,8394.4
10588,2024-08-15,摄像头,配件,广州,5,405.97,2029.85
10589,2024-07-10,键盘,外设,西安,1,132.27,132.27
10590,2024-05-24,显示器,外设,成都,10,900.27,9002.7
10591,2024-07-19,键盘,外设,杭州,6,103.83,622.98
10592,2024-07-30,键盘,外设,武汉,9,133.15,1198.35
10593,2024-08-07,笔记本电脑,电子产品,深圳,9,7563.42,68070.78
10594,2024-08-27,智能手机,电子产品,广州,8,3103.84,24830.72
10595,2024-02-15,摄像头,配件,西安,5,341.71,1708.55
10596,2024-02-04,键盘,外设,成都,1,121.07,121.07
10597,2024-09-09,摄像头,配件,杭州,9,288.94,2600.46
10598,2024-03-22,鼠标,外设,深圳,1,101.92,101.92
10599,2024-09-12,键盘,外设,西安,8,221.55,1772.4
10600,2024-07-15,平板电脑,电子产品,西安,5,1990.7,9953.5
10601,2024-10-29,智能手机,电子产品,深圳,3,2644.33,7932.99
10602,2024-01-10,平板电脑,电子产品,北京,7,2282.07,15974.49
10603,2024-10-12,摄像头,配件,北京,7,293.68,2055.76
10604,2024-08-29,摄像头,配件,成都,9,287.82,2590.38
10605,2024-09-07,智能手机,电子产品,杭州,7,4899.66,34297.62
10606,2024-01-05,摄像头,配件,深圳,3,446.52,1339.56
10607,2024-04-28,平板电脑,电子产品,成都,1,2613.76,2613.76
10608,2024-10-15,键盘,外设,成都,8,183.16,1465.28
10609,2024-03-05,键盘,外设,上海,3,185.79,557.37
10610,2024-05-25,笔记本电脑,电子产品,西安,8,6163.62,49308.96
10611,2024-08-11,鼠标,外设,武汉,8,119.64,957.12
10612,2024-08-26,摄像头,配件,西安,5,480.86,2404.3
10613,2024-06-25,平板电脑,电子产品,北京,1,1843.39,1843.39
10614,2024-09-23,摄像头,配件,杭州,10,400.05,4000.5
10615,2024-10-08,摄像头,配件,西安,7,364.78,2553.46
10616,2024-03-03,显示器,外设,深圳,10,1844.63,18446.3
10617,2024-08-04,笔记本电脑,电子产品,成都,5,6525.68,32628.4
10618,2024-10-09,平板电脑,电子产品,深圳,8,2565.01,20520.08
10619,2024-06-25,平板电脑,电子产品,上海,9,1730.79,15577.11
10620,2024-04-07,摄像头,配件,杭州,7,442.26,3095.82
10621,2024-04-14,笔记本电脑,电子产品,成都,7,4468.82,31281.74
10622,2024-04-08,键盘,外设,深圳,1,167.44,167.44
10623,2024-01-06,平板电脑,电子产品,北京,4,1785.68,7142.72
10624,2024-07-15,键盘,外设,武汉,2,238.41,476.82
10625,2024-05-12,笔记本电脑,电子产品,上海,2,4825.01,9650.02
10626,2024-09-15,键盘,外设,杭州,2,178.37,356.74
10627,2024-01-23,智能手机,电子产品,上海,4,4739.19,18956.76
10628,2024-02-22,显示器,外设,北京,1,1045.18,1045.18
10629,2024-06-13,耳机,配件,杭州,4,327.73,1310.92
10630,2024-07-20,平板电脑,电子产品,上海,2,2338.54,4677.08
10631,2024-03-23,鼠标,外设,广州,5,51.81,259.05
10632,2024-05-24,显示器,外设,北京,3,1751.31,5253.93
10633,2024-03-25,耳机,配件,北京,8,174.17,1393.36
10634,2024-03-18,键盘,外设,北京,4,194.85,779.4
10635,2024-01-01,平板电脑,电子产品,广州,1,2621.36,2621.36
10636,2024-02-20,键盘,外设,广州,1,225.69,225.69
10637,2024-06-21,智能手机,电子产品,深圳,10,4221.58,42215.8
10638,2024-07-23,笔记本电脑,电子产品,成都,3,5013.09,15039.27
10639,2024-09-16,平板电脑,电子产品,武汉,9,1519.96,13679.64
10640,2024-10-14,耳机,配件,上海,7,403.21,2822.47
10641,2024-02-03,耳机,配件,深圳,2,337.48,674.96
10642,2024-04-04,智能手机,电子产品,上海,9,4590.29,41312.61
10643,2024-03-12,智能手机,电子产品,武汉,10,4553.47,45534.7
10644,2024-02-08,摄像头,配件,成都,2,537.33,1074.66
10645,2024-06-02,平板电脑,电子产品,广州,3,2470.19,7410.57
10646,2024-09-06,键盘,外设,成都,10,166.73,1667.3
10647,2024-06-10,鼠标,外设,广州,2,129.16,258.32
10648,2024-04-27,耳机,配件,武汉,3,307.95,923.85
10649,2024-09-15,耳机,配件,成都,6,214.2,1285.2
10650,2024-09-24,智能手机,电子产品,深圳,9,4637.44,41736.96
10651,2024-02-23,显示器,外设,杭州,9,1859.07,16731.63
10652,2024-08-23,智能手机,电子产品,深圳,7,3665.77,25660.39
10653,2024-08-09,鼠标,外设,上海,3,57.57,172.71
10654,2024-09-07,键盘,外设,深圳,4,177.57,710.28
10655,2024-04-21,键盘,外设,武汉,6,260.71,1564.26
10656,2024-09-11,显示器,外设,北京,5,1882.13,9410.65
10657,2024-10-29,耳机,配件,上海,2,221.22,442.44
10658,2024-07-25,智能手机,电子产品,成都,6,2667.43,16004.58
10659,2024-08-16,摄像头,配件,上海,3,550.94,1652.82
10660,2024-03-06,键盘,外设,杭州,8,177.88,1423.04
10661,2024-03-15,鼠标,外设,广州,2,104.18,208.36
10662,2024-04-12,平板电脑,电子产品,成都,1,3436.13,3436.13
10663,2024-07-10,笔记本电脑,电子产品,西安,9,4266.26,38396.34
10664,2024-09-08,笔记本电脑,电子产品,上海,3,6593.27,19779.81
10665,2024-08-13,笔记本电脑,电子产品,成都,1,4296.42,4296.42
10666,2024-10-20,摄像头,配件,成都,7,350.19,2451.33
10667,2024-04-07,耳机,配件,成都,10,431.34,4313.4
10668,2024-10-12,智能手机,电子产品,广州,5,3583.68,17918.4
10669,2024-09-05,显示器,外设,西安,5,1996.62,9983.1
10670,2024-06-14,摄像头,配件,武汉,1,423.62,423.62
10671,2024-01-30,摄像头,配件,深圳,9,328.46,2956.14
10672,2024-09-03,键盘,外设,成都,7,144.02,1008.14
10673,2024-04-15,平板电脑,电子产品,北京,8,2201.04,17608.32
10674,2024-02-20,摄像头,配件,武汉,9,349.01,3141.09
10675,2024-03-21,鼠标,外设,杭州,6,56.87,341.22
10676,2024-05-12,平板电脑,电子产品,广州,5,2239.15,11195.75
10677,2024-10-11,鼠标,外设,上海,6,96.42,578.52
10678,2024-05-17,耳机,配件,广州,2,402.96,805.92
10679,2024-07-02,智能手机,电子产品,上海,4,4141.82,16567.28
10680,2024-09-29,笔记本电脑,电子产品,广州,3,6835.06,20505.18
10681,2024-03-09,摄像头,配件,上海,7,203.35,1423.45
10682,2024-02-03,智能手机,电子产品,成都,9,3044.17,27397.53
10683,2024-09-18,耳机,配件,深圳,5,381.59,1907.95
10684,2024-02-22,显示器,外设,上海,6,1380.79,8284.74
10685,2024-07-23,显示器,外设,西安,10,806.38,8063.8
10686,2024-05-05,耳机,配件,上海,2,431.57,863.14
10687,2024-08-22,鼠标,外设,北京,3,127.28,381.84
10688,2024-02-12,键盘,外设,上海,3,209.68,629.04
10689,2024-08-27,键盘,外设,北京,9,113.29,1019.61
10690,2024-04-20,鼠标,外设,杭州,7,126.65,886.55
10691,2024-09-05,显示器,外设,成都,8,1500.46,12003.68
10692,2024-05-30,显示器,外设,北京,10,1738.35,17383.5
10693,2024-07-01,摄像头,配件,深圳,9,500.7,4506.3
10694,2024-04-04,显示器,外设,武汉,6,1763.6,10581.6
10695,2024-01-08,智能手机,电子产品,成都,4,3795.02,15180.08
10696,2024-07-02,显示器,外设,北京,1,968.39,968.39
10697,2024-10-07,平板电脑,电子产品,成都,8,2842.31,22738.48
10698,2024-07-13,摄像头,配件,西安,7,448.19,3137.33
10699,2024-07-13,笔记本电脑,电子产品,成都,2,6969.01,13938.02
10700,2024-06-03,显示器,外设,成都,8,1003.86,8030.88
10701,2024-04-02,鼠标,外设,杭州,5,69.5,347.5
10702,2024-06-08,笔记本电脑,电子产品,深圳,7,7561.64,52931.48
10703,2024-03-01,智能手机,电子产品,广州,4,4374.94,17499.76
10704,2024-05-01,鼠标,外设,广州,5,140.82,704.1
10705,2024-02-20,笔记本电脑,电子产品,北京,8,7034.86,56278.88
10706,2024-10-03,鼠标,外设,成都,1,109.72,109.72
10707,2024-01-05,智能手机,电子产品,北京,1,4135.33,4135.33
10708,2024-04-01,摄像头,配件,杭州,4,555.65,2222.6
10709,2024-06-18,平板电脑,电子产品,杭州,3,2657.61,7972.83
10710,2024-01-22,智能手机,电子产品,上海,10,4080.98,40809.8
10711,2024-01-01,智能手机,电子产品,西安,2,2891.19,5782.38
10712,2024-05-12,鼠标,外设,杭州,3,97.39,292.17
10713,2024-08-20,摄像头,配件,上海,1,486.56,486.56
10714,2024-01-12,耳机,配件,深圳,1,244.83,244.83
10715,2024-02-15,键盘,外设,北京,6,140.45,842.7
10716,2024-02-03,显示器,外设,武汉,5,1176.59,5882.95
10717,2024-03-18,显示器,外设,深圳,8,1089.8,8718.4
10718,2024-08-05,平板电脑,电子产品,杭州,2,1929.83,3859.66
10719,2024-10-27,平板电脑,电子产品,深圳,4,2349.7,9398.8
10720,2024-03-13,显示器,外设,深圳,8,1889.41,15115.28
10721,2024-10-08,键盘,外设,西安,6,201.41,1208.46
10722,2024-09-05,显示器,外设,西安,1,1025.5,1025.5
10723,2024-02-16,耳机,配件,西安,4,176.94,707.76
10724,2024-04-30,键盘,外设,深圳,1,239.23,239.23
10725,2024-08-01,平板电脑,电子产品,杭州,2,2265.6,4531.2
10726,2024-08-26,笔记本电脑,电子产品,武汉,5,7287.32,36436.6
10727,2024-02-25,鼠标,外设,成都,8,115.95,927.6
10728,2024-04-16,耳机,配件,深圳,8,428.68,3429.44
10729,2024-02-17,耳机,配件,上海,3,245.18,735.54
10730,2024-03-01,摄像头,配件,杭州,4,476.94,1907.76
10731,2024-01-26,平板电脑,电子产品,深圳,10,2028.12,20281.2
10732,2024-10-18,平板电脑,电子产品,武汉,6,3378.14,20268.84
10733,2024-09-13,智能手机,电子产品,成都,10,4090.94,40909.4
10734,2024-01-08,耳机,配件,西安,3,263.58,790.74
10735,2024-04-22,智能手机,电子产品,杭州,2,3173.78,6347.56
10736,2024-09-09,智能手机,电子产品,广州,6,2977.32,17863.92
10737,2024-06-28,鼠标,外设,成都,5,119.46,597.3
10738,2024-07-25,智能手机,电子产品,上海,10,3046.79,30467.9
10739,2024-10-29,键盘,外设,深圳,5,219.06,1095.3
10740,2024-05-06,显示器,外设,武汉,10,1117.56,11175.6
10741,2024-02-25,笔记本电脑,电子产品,广州,5,6647.88,33239.4
10742,2024-08-01,平板电脑,电子产品,武汉,10,3129.88,31298.8
10743,2024-01-14,键盘,外设,广州,5,255.61,1278.05
10744,2024-01-28,笔记本电脑,电子产品,杭州,3,7043.41,21130.23
10745,2024-03-18,耳机,配件,广州,7,215.7,1509.9
10746,2024-08-03,耳机,配件,上海,6,180.93,1085.58
10747,2024-06-02,耳机,配件,上海,4,394.63,1578.52
10748,2024-01-14,键盘,外设,北京,2,173.67,347.34
10749,2024-07-05,键盘,外设,上海,9,186.47,1678.23
10750,2024-01-07,平板电脑,电子产品,成都,1,1562.3,1562.3
10751,2024-01-03,显示器,外设,广州,4,1111.49,4445.96
10752,2024-04-20,摄像头,配件,上海,1,213.47,213.47
10753,2024-08-25,智能手机,电子产品,杭州,6,4697.96,28187.76
10754,2024-08-26,耳机,配件,武汉,4,235.19,940.76
10755,2024-09-30,鼠标,外设,西安,5,105.73,528.65
10756,2024-10-20,显示器,外设,武汉,5,846.78,4233.9
10757,2024-08-14,鼠标,外设,北京,9,116.68,1050.12
10758,2024-01-15,平板电脑,电子产品,武汉,1,2146.05,2146.05
10759,2024-07-10,平板电脑,电子产品,广州,2,3295.84,6591.68
10760,2024-04-28,平板电脑,电子产品,北京,6,3276.24,19657.44
10761,2024-01-28,笔记本电脑,电子产品,广州,5,5301.16,26505.8
10762,2024-07-20,鼠标,外设,杭州,7,140.1,980.7
10763,2024-02-08,显示器,外设,北京,3,1995.39,5986.17
10764,2024-09-29,摄像头,配件,深圳,3,530.17,1590.51
10765,2024-08-18,显示器,外设,成都,10,1813.85,18138.5
10766,2024-03-26,键盘,外设,成都,2,149.8,299.6
10767,2024-05-05,键盘,外设,广州,3,215.34,646.02
10768,2024-10-26,耳机,配件,武汉,10,173.54,1735.4
10769,2024-01-25,摄像头,配件,西安,1,237.97,237.97
10770,2024-05-24,键盘,外设,西安,5,299.78,1498.9
10771,2024-01-13,平板电脑,电子产品,深圳,5,2153.28,10766.4
10772,2024-07-30,显示器,外设,北京,7,1697.82,11884.74
10773,2024-01-25,鼠标,外设,深圳,4,130.67,522.68
10774,2024-03-08,平板电脑,电子产品,深圳,3,3216.05,9648.15
10775,2024-03-07,笔记本电脑,电子产品,武汉,1,7990.51,7990.51
10776,2024-08-20,键盘,外设,西安,8,148.3,1186.4
10777,2024-04-18,平板电脑,电子产品,北京,3,1580.7,4742.1
10778,2024-05-25,平板电脑,电子产品,杭州,2,2322.38,4644.76
10779,2024-04-20,笔记本电脑,电子产品,武汉,4,4520.32,18081.28
10780,2024-08-15,智能手机,电子产品,深圳,3,2556.06,7668.18
10781,2024-04-20,显示器,外设,深圳,1,1232.51,1232.51
10782,2024-02-03,鼠标,外设,杭州,3,128.37,385.11
10783,2024-04-20,耳机,配件,深圳,2,348.16,696.32
10784,2024-09-20,智能手机,电子产品,深圳,8,3281.94,26255.52
10785,2024-08-23,键盘,外设,深圳,6,230.87,1385.22
10786,2024-03-23,平板电脑,电子产品,成都,9,1964.04,17676.36
10787,2024-02-11,摄像头,配件,武汉,8,205.75,1646.0
10788,2024-04-10,笔记本电脑,电子产品,上海,10,7057.41,70574.1
10789,2024-01-06,笔记本电脑,电子产品,武汉,3,6494.97,19484.91
10790,2024-06-28,摄像头,配件,杭州,5,504.92,2524.6
10791,2024-10-08,显示器,外设,深圳,7,846.73,5927.11
10792,2024-08-13,智能手机,电子产品,武汉,5,4592.8,22964.0
10793,2024-08-16,耳机,配件,成都,8,366.83,2934.64
10794,2024-10-15,显示器,外设,西安,5,1476.07,7380.35
10795,2024-05-29,摄像头,配件,杭州,1,449.85,449.85
10796,2024-10-03,平板电脑,电子产品,广州,5,3228.87,16144.35
10797,2024-07-16,摄像头,配件,武汉,4,434.77,1739.08
10798,2024-03-10,显示器,外设,广州,6,1497.14,8982.84
10799,2024-04-21,鼠标,外设,深圳,3,149.07,447.21
10800,2024-01-04,笔记本电脑,电子产品,成都,5,7026.92,35134.6
10801,2024-04-04,笔记本电脑,电子产品,成都,2,5769.18,11538.36
10802,2024-05-31,键盘,外设,武汉,6,241.48,1448.88
10803,2024-05-16,键盘,外设,杭州,6,177.85,1067.1
10804,2024-09-03,摄像头,配件,杭州,5,291.55,1457.75
10805,2024-08-30,耳机,配件,成都,6,358.9,2153.4
10806,2024-01-31,平板电脑,电子产品,杭州,7,3356.36,23494.52
10807,2024-02-09,鼠标,外设,成都,5,142.91,714.55
10808,2024-08-16,智能手机,电子产品,武汉,1,3354.76,3354.76
10809,2024-02-05,显示器,外设,上海,8,1433.21,11465.68
10810,2024-08-10,耳机,配件,成都,4,224.07,896.28
10811,2024-01-06,平板电脑,电子产品,广州,9,3491.26,31421.34
10812,2024-08-07,键盘,外设,杭州,10,296.22,2962.2
10813,2024-03-15,摄像头,配件,成都,6,459.8,2758.8
10814,2024-01-04,显示器,外设,成都,1,1765.3,1765.3
10815,2024-05-13,键盘,外设,武汉,3,243.02,729.06
10816,2024-04-27,摄像头,配件,杭州,3,437.26,1311.78
10817,2024-04-03,显示器,外设,上海,10,864.02,8640.2
10818,2024-03-02,智能手机,电子产品,武汉,4,3636.91,14547.64
10819,2024-07-12,平板电脑,电子产品,上海,6,2849.57,17097.42
10820,2024-07-21,显示器,外设,西安,7,1613.04,11291.28
10821,2024-01-26,鼠标,外设,武汉,10,87.31,873.1
10822,2024-06-21,耳机,配件,杭州,4,479.59,1918.36
10823,2024-10-26,笔记本电脑,电子产品,北京,6,4669.43,28016.58
10824,2024-05-12,鼠标,外设,杭州,1,100.04,100.04
10825,2024-04-27,鼠标,外设,杭州,8,119.09,952.72
10826,2024-10-01,耳机,配件,上海,7,394.0,2758.0
10827,2024-07-30,笔记本电脑,电子产品,上海,9,6594.56,59351.04
10828,2024-08-12,鼠标,外设,杭州,3,77.53,232.59
10829,2024-01-20,显示器,外设,杭州,2,987.45,1974.9
10830,2024-04-22,显示器,外设,杭州,1,1563.13,1563.13
10831,2024-05-19,显示器,外设,上海,3,1519.16,4557.48
10832,2024-02-16,笔记本电脑,电子产品,杭州,5,4717.42,23587.1
10833,2024-01-01,鼠标,外设,杭州,2,120.51,241.02
10834,2024-03-30,摄像头,配件,西安,3,382.07,1146.21
10835,2024-05-21,笔记本电脑,电子产品,深圳,4,6671.04,26684.16
10836,2024-02-07,显示器,外设,北京,7,1804.84,12633.88
10837,2024-10-19,耳机,配件,广州,3,209.4,628.2
10838,2024-05-18,鼠标,外设,北京,9,51.91,467.19
10839,2024-09-15,鼠标,外设,深圳,8,127.91,1023.28
10840,2024-06-09,键盘,外设,广州,4,221.94,887.76
10841,2024-06-26,键盘,外设,武汉,1,239.93,239.93
10842,2024-01-10,智能手机,电子产品,杭州,1,4595.39,4595.39
10843,2024-09-17,摄像头,配件,深圳,1,521.12,521.12
10844,2024-05-17,摄像头,配件,西安,1,584.37,584.37
10845,2024-06-20,平板电脑,电子产品,武汉,8,2571.87,20574.96
10846,2024-01-13,摄像头,配件,杭州,3,395.4,1186.2
10847,2024-06-16,键盘,外设,上海,6,180.38,1082.28
10848,2024-05-09,笔记本电脑,电子产品,成都,3,4614.76,13844.28
10849,2024-03-24,摄像头,配件,深圳,5,429.04,2145.2
10850,2024-04-10,键盘,外设,上海,7,155.4,1087.8
10851,2024-09-29,智能手机,电子产品,深圳,2,4803.27,9606.54
10852,2024-09-21,鼠标,外设,西安,6,108.32,649.92
10853,2024-02-07,摄像头,配件,深圳,6,437.14,2622.84
10854,2024-04-03,智能手机,电子产品,上海,3,3387.31,10161.93
10855,2024-04-04,鼠标,外设,西安,6,55.2,331.2
10856,2024-03-09,耳机,配件,广州,10,161.11,1611.1
10857,2024-08-23,耳机,配件,北京,10,298.17,2981.7
10858,2024-05-16,鼠标,外设,杭州,5,58.46,292.3
10859,2024-03-16,摄像头,配件,深圳,2,442.74,885.48
10860,2024-02-04,平板电脑,电子产品,杭州,9,3261.95,29357.55
10861,2024-01-01,键盘,外设,成都,8,276.58,2212.64
10862,2024-10-22,笔记本电脑,电子产品,上海,3,6636.18,19908.54
10863,2024-02-29,笔记本电脑,电子产品,杭州,8,4844.93,38759.44
10864,2024-09-23,显示器,外设,上海,9,1835.6,16520.4
10865,2024-08-16,鼠标,外设,杭州,3,138.61,415.83
10866,2024-09-26,笔记本电脑,电子产品,北京,3,4786.61,14359.83
10867,2024-10-12,摄像头,配件,北京,2,494.97,989.94
10868,2024-10-17,平板电脑,电子产品,西安,8,2073.04,16584.32
10869,2024-07-31,鼠标,外设,北京,10,130.26,1302.6
10870,2024-06-13,平板电脑,电子产品,西安,1,3494.48,3494.48
10871,2024-01-05,摄像头,配件,北京,8,212.01,1696.08
10872,2024-03-18,笔记本电脑,电子产品,北京,7,7589.46,53126.22
10873,2024-03-02,笔记本电脑,电子产品,北京,7,6490.52,45433.64
10874,2024-05-11,显示器,外设,上海,3,1968.06,5904.18
10875,2024-03-29,笔记本电脑,电子产品,深圳,1,5860.04,5860.04
10876,2024-08-24,鼠标,外设,西安,4,134.74,538.96
10877,2024-02-11,摄像头,配件,杭州,9,224.96,2024.64
10878,2024-03-29,耳机,配件,北京,5,267.35,1336.75
10879,2024-10-22,摄像头,配件,上海,1,226.81,226.81
10880,2024-10-21,鼠标,外设,上海,5,147.53,737.65
10881,2024-04-13,鼠标,外设,上海,8,131.7,1053.6
10882,2024-01-14,显示器,外设,西安,8,1823.06,14584.48
10883,2024-10-14,显示器,外设,深圳,5,1925.56,9627.8
10884,2024-06-27,笔记本电脑,电子产品,西安,9,4340.41,39063.69
10885,2024-05-04,智能手机,电子产品,杭州,1,3463.99,3463.99
10886,2024-01-23,摄像头,配件,深圳,4,228.41,913.64
10887,2024-03-03,摄像头,配件,广州,3,284.32,852.96
10888,2024-05-22,智能手机,电子产品,武汉,2,3073.41,6146.82
10889,2024-06-01,显示器,外设,上海,8,1362.93,10903.44
10890,2024-05-24,笔记本电脑,电子产品,西安,7,5074.25,35519.75
10891,2024-08-12,智能手机,电子产品,广州,9,2752.45,24772.05
10892,2024-04-13,笔记本电脑,电子产品,成都,2,4669.96,9339.92
10893,2024-04-13,笔记本电脑,电子产品,西安,4,4589.1,18356.4
10894,2024-02-08,笔记本电脑,电子产品,北京,6,7892.31,47353.86
10895,2024-07-16,键盘,外设,武汉,3,251.86,755.58
10896,2024-05-13,鼠标,外设,北京,8,146.78,1174.24
10897,2024-03-07,笔记本电脑,电子产品,深圳,3,5758.96,17276.88
10898,2024-06-27,键盘,外设,武汉,2,155.67,311.34
10899,2024-02-11,显示器,外设,西安,3,1757.95,5273.85
10900,2024-01-15,智能手机,电子产品,杭州,6,3315.63,19893.78
10901,2024-04-20,鼠标,外设,广州,2,79.94,159.88
10902,2024-06-05,耳机,配件,杭州,8,231.38,1851.04
10903,2024-10-15,智能手机,电子产品,西安,1,2824.2,2824.2
10904,2024-08-18,鼠标,外设,深圳,7,75.65,529.55
10905,2024-06-05,耳机,配件,北京,2,274.36,548.72
10906,2024-02-07,智能手机,电子产品,武汉,10,4184.99,41849.9
10907,2024-04-06,鼠标,外设,杭州,6,56.26,337.56
10908,2024-10-15,智能手机,电子产品,西安,2,3026.27,6052.54
10909,2024-09-10,智能手机,电子产品,杭州,2,4522.56,9045.12
10910,2024-07-14,耳机,配件,西安,10,201.42,2014.2
10911,2024-03-26,智能手机,电子产品,北京,8,3356.61,26852.88
10912,2024-01-10,智能手机,电子产品,武汉,2,4661.65,9323.3
10913,2024-01-05,耳机,配件,广州,7,204.22,1429.54
10914,2024-05-02,显示器,外设,北京,3,899.28,2697.84
10915,2024-04-27,笔记本电脑,电子产品,杭州,8,5938.15,47505.2
10916,2024-10-20,摄像头,配件,广州,7,320.97,2246.79
10917,2024-06-07,平板电脑,电子产品,西安,8,2626.82,21014.56
10918,2024-10-29,键盘,外设,广州,7,260.76,1825.32
10919,2024-08-15,平板电脑,电子产品,西安,6,1774.3,10645.8
10920,2024-08-03,平板电脑,电子产品,北京,7,2661.4,18629.8
10921,2024-07-02,鼠标,外设,杭州,5,100.55,502.75
10922,2024-01-15,笔记本电脑,电子产品,深圳,7,4576.32,32034.24
10923,2024-06-05,鼠标,外设,杭州,1,112.4,112.4
10924,2024-05-15,笔记本电脑,电子产品,西安,1,5094.56,5094.56
10925,2024-09-17,耳机,配件,上海,9,320.74,2886.66
10926,2024-06-05,耳机,配件,武汉,5,178.8,894.0
10927,2024-02-16,摄像头,配件,成都,5,383.83,1919.15
10928,2024-06-21,笔记本电脑,电子产品,深圳,3,5225.85,15677.55
10929,2024-05-09,智能手机,电子产品,广州,5,4555.95,22779.75
10930,2024-04-04,显示器,外设,深圳,3,868.37,2605.11
10931,2024-04-24,摄像头,配件,武汉,9,367.44,3306.96
10932,2024-08-30,摄像头,配件,广州,9,383.37,3450.33
10933,2024-10-18,智能手机,电子产品,武汉,6,4312.52,25875.12
10934,2024-10-08,显示器,外设,广州,1,1489.15,1489.15
10935,2024-10-25,鼠标,外设,深圳,7,116.72,817.04
10936,2024-10-09,显示器,外设,广州,7,1732.46,12127.22
10937,2024-03-09,鼠标,外设,广州,10,136.22,1362.2
10938,2024-05-27,耳机,配件,上海,10,259.86,2598.6
10939,2024-01-11,平板电脑,电子产品,杭州,4,2576.05,10304.2
10940,2024-09-10,耳机,配件,杭州,8,444.04,3552.32
10941,2024-02-07,耳机,配件,成都,6,496.31,2977.86
10942,2024-05-13,平板电脑,电子产品,成都,4,3279.04,13116.16
10943,2024-07-18,显示器,外设,西安,4,1245.76,4983.04
10944,2024-01-23,摄像头,配件,西安,2,278.07,556.14
10945,2024-10-29,显示器,外设,西安,2,1387.27,2774.54
10946,2024-10-28,鼠标,外设,上海,4,124.16,496.64
10947,2024-08-05,智能手机,电子产品,成都,5,3731.42,18657.1
10948,2024-05-20,鼠标,外设,武汉,8,98.32,786.56
10949,2024-04-13,智能手机,电子产品,西安,6,4595.58,27573.48
10950,2024-07-28,耳机,配件,西安,4,276.49,1105.96
10951,2024-04-20,平板电脑,电子产品,深圳,7,3219.59,22537.13
10952,2024-04-13,耳机,配件,北京,8,292.38,2339.04
10953,2024-06-19,笔记本电脑,电子产品,武汉,2,5312.93,10625.86
10954,2024-05-12,显示器,外设,西安,7,1344.79,9413.53
10955,2024-10-19,智能手机,电子产品,西安,2,4406.12,8812.24
10956,2024-05-06,鼠标,外设,西安,2,62.6,125.2
10957,2024-04-15,平板电脑,电子产品,北京,8,1892.84,15142.72
10958,2024-04-01,智能手机,电子产品,北京,2,4878.61,9757.22
10959,2024-10-13,鼠标,外设,上海,9,67.55,607.95
10960,2024-02-20,显示器,外设,武汉,1,1481.27,1481.27
10961,2024-01-29,耳机,配件,上海,9,352.76,3174.84
10962,2024-10-22,显示器,外设,广州,1,1387.55,1387.55
10963,2024-10-23,键盘,外设,北京,10,228.95,2289.5
10964,2024-08-01,笔记本电脑,电子产品,深圳,10,4919.31,49193.1
10965,2024-09-23,键盘,外设,成都,2,210.53,421.06
10966,2024-09-13,平板电脑,电子产品,深圳,6,2244.35,13466.1
10967,2024-10-28,智能手机,电子产品,成都,6,4154.17,24925.02
10968,2024-04-10,平板电脑,电子产品,北京,1,1782.45,1782.45
10969,2024-04-19,耳机,配件,北京,7,349.81,2448.67
10970,2024-06-30,鼠标,外设,北京,8,68.53,548.24
10971,2024-01-01,显示器,外设,上海,2,1134.37,2268.74
10972,2024-02-24,键盘,外设,武汉,8,143.74,1149.92
10973,2024-05-28,摄像头,配件,成都,9,273.14,2458.26
10974,2024-05-16,键盘,外设,武汉,6,265.14,1590.84
10975,2024-07-20,耳机,配件,上海,5,250.0,1250.0
10976,2024-04-26,键盘,外设,上海,9,285.42,2568.78
10977,2024-06-02,耳机,配件,杭州,9,489.47,4405.23
10978,2024-10-17,摄像头,配件,深圳,1,428.5,428.5
10979,2024-03-03,平板电脑,电子产品,深圳,3,1786.0,5358.0
10980,2024-08-31,显示器,外设,广州,9,1249.46,11245.14
10981,2024-01-25,智能手机,电子产品,西安,2,4494.33,8988.66
10982,2024-03-30,鼠标,外设,上海,4,86.74,346.96
10983,2024-03-15,智能手机,电子产品,成都,4,2717.54,10870.16
10984,2024-10-20,平板电脑,电子产品,杭州,2,2613.57,5227.14
10985,2024-07-28,鼠标,外设,杭州,3,134.51,403.53
10986,2024-01-17,键盘,外设,西安,3,259.19,777.57
10987,2024-05-07,摄像头,配件,武汉,1,270.05,270.05
10988,2024-09-07,摄像头,配件,西安,6,469.11,2814.66
10989,2024-06-27,笔记本电脑,电子产品,西安,8,4882.02,39056.16
10990,2024-06-30,平板电脑,电子产品,西安,3,1936.42,5809.26
10991,2024-05-31,平板电脑,电子产品,深圳,5,3248.14,16240.7
10992,2024-01-25,显示器,外设,上海,1,1099.6,1099.6
10993,2024-06-28,智能手机,电子产品,广州,10,3158.12,31581.2
10994,2024-07-16,平板电脑,电子产品,上海,7,1501.31,10509.17
10995,2024-06-09,平板电脑,电子产品,武汉,10,3241.34,32413.4
10996,2024-06-25,键盘,外设,北京,1,258.52,258.52
10997,2024-10-11,键盘,外设,西安,9,225.47,2029.23
10998,2024-03-03,鼠标,外设,上海,8,125.03,1000.24
10999,2024-05-29,耳机,配件,武汉,7,203.22,1422.54
